,Code,Country.x,WHO_region,year,Estimated_Malaria_Counts1,AFG,Afghanistan,Eastern Mediterranean,2000,15000002,AGO,Angola,African,2000,48000003,ARG,Argentina,Region of the Americas,2000,2404,AZE,Azerbaijan,European,2000,17005,BDI,Burundi,African,2000,28000006,BEN,Benin,African,2000,27000007,BFA,Burkina Faso,African,2000,72000008,BGD,Bangladesh,South-East Asia,2000,31000009,BLZ,Belize,Region of the Americas,2000,170010,BOL,Bolivia (Plurinational State of),Region of the Americas,2000,4800011,BRA,Brazil,Region of the Americas,2000,120000012,BTN,Bhutan,South-East Asia,2000,670013,BWA,Botswana,African,2000,2600014,CAF,Central African Republic,African,2000,160000015,CHN,China,Western Pacific,2000,2900016,CIV,C͉te d'Ivoire,African,2000,870000017,CMR,Cameroon,African,2000,630000018,COD,Democratic Republic of the Congo,African,2000,2400000019,COG,Congo,African,2000,110000020,COL,Colombia,Region of the Americas,2000,32000021,COM,Comoros,African,2000,11000022,CPV,Cabo Verde,African,2000,49023,CRI,Costa Rica,Region of the Americas,2000,210024,DJI,Djibouti,Eastern Mediterranean,2000,1000025,DMA,Dominican Republic,Region of the Americas,2000,160026,DZA,Algeria,African,2000,027,ECU,Ecuador,Region of the Americas,2000,11000028,ERI,Eritrea,African,2000,7000029,ETH,Ethiopia,African,2000,890000030,GAB,Gabon,African,2000,44000031,GEO,Georgia,European,2000,27032,GHA,Ghana,African,2000,920000033,GIN,Guinea,African,2000,420000034,GMB,Gambia,African,2000,42000035,GNB,Guinea-Bissau,African,2000,57000036,GNQ,Equatorial Guinea,African,2000,19000037,GTM,Guatemala,Region of the Americas,2000,9800038,GUY,Guyana,Region of the Americas,2000,5200039,HND,Honduras,Region of the Americas,2000,8100040,HTI,Haiti,Region of the Americas,2000,20000041,IDN,Indonesia,South-East Asia,2000,370000042,IND,India,South-East Asia,2000,2400000043,IRN,Iran (Islamic Republic of),Eastern Mediterranean,2000,2200044,KEN,Kenya,African,2000,720000045,KGZ,Kyrgyzstan,European,2000,NA46,KHM,Cambodia,Western Pacific,2000,150000047,KOR,Republic of Korea,Western Pacific,2000,450048,LAO,Lao People's Democratic Republic,Western Pacific,2000,26000049,LBR,Liberia,African,2000,140000050,LKA,Sri Lanka,South-East Asia,2000,23000051,MDG,Madagascar,African,2000,150000052,MEX,Mexico,Region of the Americas,2000,810053,MLI,Mali,African,2000,500000054,MMR,Myanmar,South-East Asia,2000,140000055,MOZ,Mozambique,African,2000,940000056,MRT,Mauritania,African,2000,18000057,MWI,Malawi,African,2000,480000058,MYS,Malaysia,Western Pacific,2000,1300059,NAM,Namibia,African,2000,8400060,NER,Niger,African,2000,370000061,NGA,Nigeria,African,2000,5400000062,NIC,Nicaragua,Region of the Americas,2000,4900063,NPL,Nepal,South-East Asia,2000,11000064,PAK,Pakistan,Eastern Mediterranean,2000,380000065,PAN,Panama,Region of the Americas,2000,120066,PER,Peru,Region of the Americas,2000,14000067,PHL,Philippines,Western Pacific,2000,11000068,PNG,Papua New Guinea,Western Pacific,2000,140000069,PRK,Democratic People's Republic of Korea,South-East Asia,2000,19000070,PRY,Paraguay,Region of the Americas,2000,750071,RWA,Rwanda,African,2000,340000072,SAU,Saudi Arabia,Eastern Mediterranean,2000,520073,SDN,Sudan,Eastern Mediterranean,2000,240000074,SEN,Senegal,African,2000,220000075,SLB,Solomon Islands,Western Pacific,2000,19000076,SLE,Sierra Leone,African,2000,200000077,SLV,El Salvador,Region of the Americas,2000,82078,SOM,Somalia,Eastern Mediterranean,2000,61000079,SSD,South Sudan,African,2000,200000080,STP,Sao Tome and Principe,African,2000,4700081,SUR,Suriname,Region of the Americas,2000,2000082,SWZ,Swaziland,African,2000,190083,TCD,Chad,African,2000,170000084,TGO,Togo,African,2000,250000085,THA,Thailand,South-East Asia,2000,22000086,TJK,Tajikistan,European,2000,2100087,TLS,Timor-Leste,South-East Asia,2000,25000088,TUR,Turkey,European,2000,1200089,TZA,United Republic of Tanzania,African,2000,1200000090,UGA,Uganda,African,2000,1200000091,UZB,Uzbekistan,European,2000,14092,VEN,Venezuela (Bolivarian Republic of),Region of the Americas,2000,7800093,VNM,Viet Nam,Western Pacific,2000,20000094,VUT,Vanuatu,Western Pacific,2000,2300095,YEM,Yemen,Eastern Mediterranean,2000,77000096,ZAF,South Africa,African,2000,3900097,ZMB,Zambia,African,2000,400000098,ZWE,Zimbabwe,African,2000,99000099,AFG,Afghanistan,Eastern Mediterranean,2005,780000100,AGO,Angola,African,2005,5400000101,ARG,Argentina,Region of the Americas,2005,190102,AZE,Azerbaijan,European,2005,260103,BDI,Burundi,African,2005,2200000104,BEN,Benin,African,2005,3400000105,BFA,Burkina Faso,African,2005,7400000106,BGD,Bangladesh,South-East Asia,2005,1100000107,BLZ,Belize,Region of the Americas,2005,1800108,BOL,Bolivia (Plurinational State of),Region of the Americas,2005,30000109,BRA,Brazil,Region of the Americas,2005,820000110,BTN,Bhutan,South-East Asia,2005,2000111,BWA,Botswana,African,2005,2300112,CAF,Central African Republic,African,2005,1900000113,CHN,China,Western Pacific,2005,23000114,CIV,C͉te d'Ivoire,African,2005,9600000115,CMR,Cameroon,African,2005,8000000116,COD,Democratic Republic of the Congo,African,2005,29000000117,COG,Congo,African,2005,1200000118,COL,Colombia,Region of the Americas,2005,190000119,COM,Comoros,African,2005,120000120,CPV,Cabo Verde,African,2005,220121,CRI,Costa Rica,Region of the Americas,2005,3900122,DJI,Djibouti,Eastern Mediterranean,2005,7900123,DMA,Dominican Republic,Region of the Americas,2005,5300124,DZA,Algeria,African,2005,NA125,ECU,Ecuador,Region of the Americas,2005,19000126,ERI,Eritrea,African,2005,28000127,ETH,Ethiopia,African,2005,4800000128,GAB,Gabon,African,2005,230000129,GEO,Georgia,European,2005,170130,GHA,Ghana,African,2005,8300000131,GIN,Guinea,African,2005,4100000132,GMB,Gambia,African,2005,420000133,GNB,Guinea-Bissau,African,2005,190000134,GNQ,Equatorial Guinea,African,2005,250000135,GTM,Guatemala,Region of the Americas,2005,69000136,GUY,Guyana,Region of the Americas,2005,88000137,HND,Honduras,Region of the Americas,2005,37000138,HTI,Haiti,Region of the Americas,2005,210000139,IDN,Indonesia,South-East Asia,2005,5100000140,IND,India,South-East Asia,2005,26000000141,IRN,Iran (Islamic Republic of),Eastern Mediterranean,2005,21000142,KEN,Kenya,African,2005,5200000143,KGZ,Kyrgyzstan,European,2005,250144,KHM,Cambodia,Western Pacific,2005,390000145,KOR,Republic of Korea,Western Pacific,2005,1400146,LAO,Lao People's Democratic Republic,Western Pacific,2005,50000147,LBR,Liberia,African,2005,1500000148,LKA,Sri Lanka,South-East Asia,2005,1800149,MDG,Madagascar,African,2005,1300000150,MEX,Mexico,Region of the Americas,2005,3200151,MLI,Mali,African,2005,6100000152,MMR,Myanmar,South-East Asia,2005,1500000153,MOZ,Mozambique,African,2005,9300000154,MRT,Mauritania,African,2005,200000155,MWI,Malawi,African,2005,4100000156,MYS,Malaysia,Western Pacific,2005,5600157,NAM,Namibia,African,2005,70000158,NER,Niger,African,2005,4600000159,NGA,Nigeria,African,2005,59000000160,NIC,Nicaragua,Region of the Americas,2005,13000161,NPL,Nepal,South-East Asia,2005,83000162,PAK,Pakistan,Eastern Mediterranean,2005,4000000163,PAN,Panama,Region of the Americas,2005,4300164,PER,Peru,Region of the Americas,2005,160000165,PHL,Philippines,Western Pacific,2005,140000166,PNG,Papua New Guinea,Western Pacific,2005,1400000167,PRK,Democratic People's Republic of Korea,South-East Asia,2005,7400168,PRY,Paraguay,Region of the Americas,2005,410169,RWA,Rwanda,African,2005,1600000170,SAU,Saudi Arabia,Eastern Mediterranean,2005,220171,SDN,Sudan,Eastern Mediterranean,2005,2200000172,SEN,Senegal,African,2005,1300000173,SLB,Solomon Islands,Western Pacific,2005,220000174,SLE,Sierra Leone,African,2005,2400000175,SLV,El Salvador,Region of the Americas,2005,0176,SOM,Somalia,Eastern Mediterranean,2005,1100000177,SSD,South Sudan,African,2005,1800000178,STP,Sao Tome and Principe,African,2005,30000179,SUR,Suriname,Region of the Americas,2005,14000180,SWZ,Swaziland,African,2005,970181,TCD,Chad,African,2005,2200000182,TGO,Togo,African,2005,2800000183,THA,Thailand,South-East Asia,2005,120000184,TJK,Tajikistan,European,2005,2500185,TLS,Timor-Leste,South-East Asia,2005,270000186,TUR,Turkey,European,2005,2300187,TZA,United Republic of Tanzania,African,2005,9700000188,UGA,Uganda,African,2005,13000000189,UZB,Uzbekistan,European,2005,110190,VEN,Venezuela (Bolivarian Republic of),Region of the Americas,2005,78000191,VNM,Viet Nam,Western Pacific,2005,39000192,VUT,Vanuatu,Western Pacific,2005,26000193,YEM,Yemen,Eastern Mediterranean,2005,630000194,ZAF,South Africa,African,2005,17000195,ZMB,Zambia,African,2005,2900000196,ZWE,Zimbabwe,African,2005,1000000197,AFG,Afghanistan,Eastern Mediterranean,2010,460000198,AGO,Angola,African,2010,2400000199,ARG,Argentina,Region of the Americas,2010,NA200,AZE,Azerbaijan,European,2010,0201,BDI,Burundi,African,2010,1900000202,BEN,Benin,African,2010,3200000203,BFA,Burkina Faso,African,2010,9400000204,BGD,Bangladesh,South-East Asia,2010,670000205,BLZ,Belize,Region of the Americas,2010,180206,BOL,Bolivia (Plurinational State of),Region of the Americas,2010,20000207,BRA,Brazil,Region of the Americas,2010,440000208,BTN,Bhutan,South-East Asia,2010,480209,BWA,Botswana,African,2010,3300210,CAF,Central African Republic,African,2010,1600000211,CHN,China,Western Pacific,2010,5900212,CIV,C͉te d'Ivoire,African,2010,9000000213,CMR,Cameroon,African,2010,5700000214,COD,Democratic Republic of the Congo,African,2010,28000000215,COG,Congo,African,2010,880000216,COL,Colombia,Region of the Americas,2010,180000217,COM,Comoros,African,2010,140000218,CPV,Cabo Verde,African,2010,140219,CRI,Costa Rica,Region of the Americas,2010,120220,DJI,Djibouti,Eastern Mediterranean,2010,1600221,DMA,Dominican Republic,Region of the Americas,2010,3400222,DZA,Algeria,African,2010,NA223,ECU,Ecuador,Region of the Americas,2010,2100224,ERI,Eritrea,African,2010,93000225,ETH,Ethiopia,African,2010,4400000226,GAB,Gabon,African,2010,230000227,GEO,Georgia,European,2010,0228,GHA,Ghana,African,2010,9600000229,GIN,Guinea,African,2010,4500000230,GMB,Gambia,African,2010,420000231,GNB,Guinea-Bissau,African,2010,170000232,GNQ,Equatorial Guinea,African,2010,150000233,GTM,Guatemala,Region of the Americas,2010,12000234,GUY,Guyana,Region of the Americas,2010,52000235,HND,Honduras,Region of the Americas,2010,21000236,HTI,Haiti,Region of the Americas,2010,230000237,IDN,Indonesia,South-East Asia,2010,4200000238,IND,India,South-East Asia,2010,21000000239,IRN,Iran (Islamic Republic of),Eastern Mediterranean,2010,2000240,KEN,Kenya,African,2010,3300000241,KGZ,Kyrgyzstan,European,2010,NA242,KHM,Cambodia,Western Pacific,2010,180000243,KOR,Republic of Korea,Western Pacific,2010,1900244,LAO,Lao People's Democratic Republic,Western Pacific,2010,69000245,LBR,Liberia,African,2010,1300000246,LKA,Sri Lanka,South-East Asia,2010,750247,MDG,Madagascar,African,2010,650000248,MEX,Mexico,Region of the Americas,2010,1300249,MLI,Mali,African,2010,5300000250,MMR,Myanmar,South-East Asia,2010,1600000251,MOZ,Mozambique,African,2010,9300000252,MRT,Mauritania,African,2010,130000253,MWI,Malawi,African,2010,6200000254,MYS,Malaysia,Western Pacific,2010,6400255,NAM,Namibia,African,2010,2900256,NER,Niger,African,2010,6000000257,NGA,Nigeria,African,2010,59000000258,NIC,Nicaragua,Region of the Americas,2010,1400259,NPL,Nepal,South-East Asia,2010,37000260,PAK,Pakistan,Eastern Mediterranean,2010,1500000261,PAN,Panama,Region of the Americas,2010,490262,PER,Peru,Region of the Americas,2010,63000263,PHL,Philippines,Western Pacific,2010,53000264,PNG,Papua New Guinea,Western Pacific,2010,1200000265,PRK,Democratic People's Republic of Korea,South-East Asia,2010,15000266,PRY,Paraguay,Region of the Americas,2010,NA267,RWA,Rwanda,African,2010,1100000268,SAU,Saudi Arabia,Eastern Mediterranean,2010,NA269,SDN,Sudan,Eastern Mediterranean,2010,1200000270,SEN,Senegal,African,2010,1600000271,SLB,Solomon Islands,Western Pacific,2010,70000272,SLE,Sierra Leone,African,2010,2800000273,SLV,El Salvador,Region of the Americas,2010,NA274,SOM,Somalia,Eastern Mediterranean,2010,280000275,SSD,South Sudan,African,2010,1800000276,STP,Sao Tome and Principe,African,2010,5100277,SUR,Suriname,Region of the Americas,2010,2400278,SWZ,Swaziland,African,2010,530279,TCD,Chad,African,2010,1900000280,TGO,Togo,African,2010,2900000281,THA,Thailand,South-East Asia,2010,120000282,TJK,Tajikistan,European,2010,120283,TLS,Timor-Leste,South-East Asia,2010,110000284,TUR,Turkey,European,2010,NA285,TZA,United Republic of Tanzania,African,2010,6900000286,UGA,Uganda,African,2010,14000000287,UZB,Uzbekistan,European,2010,NA288,VEN,Venezuela (Bolivarian Republic of),Region of the Americas,2010,78000289,VNM,Viet Nam,Western Pacific,2010,25000290,VUT,Vanuatu,Western Pacific,2010,18000291,YEM,Yemen,Eastern Mediterranean,2010,510000292,ZAF,South Africa,African,2010,17000293,ZMB,Zambia,African,2010,2200000294,ZWE,Zimbabwe,African,2010,960000295,AFG,Afghanistan,Eastern Mediterranean,2013,250000296,AGO,Angola,African,2013,3400000297,ARG,Argentina,Region of the Americas,2013,0298,AZE,Azerbaijan,European,2013,0299,BDI,Burundi,African,2013,1400000300,BEN,Benin,African,2013,3100000301,BFA,Burkina Faso,African,2013,7100000302,BGD,Bangladesh,South-East Asia,2013,700000303,BLZ,Belize,Region of the Americas,2013,NA304,BOL,Bolivia (Plurinational State of),Region of the Americas,2013,10600305,BRA,Brazil,Region of the Americas,2013,230000306,BTN,Bhutan,South-East Asia,2013,NA307,BWA,Botswana,African,2013,1000308,CAF,Central African Republic,African,2013,1500000309,CHN,China,Western Pacific,2013,4800310,CIV,C͉te d'Ivoire,African,2013,8300000311,CMR,Cameroon,African,2013,5200000312,COD,Democratic Republic of the Congo,African,2013,21000000313,COG,Congo,African,2013,820000314,COL,Colombia,Region of the Americas,2013,79000315,COM,Comoros,African,2013,124000316,CPV,Cabo Verde,African,2013,NA317,CRI,Costa Rica,Region of the Americas,2013,NA318,DJI,Djibouti,Eastern Mediterranean,2013,5400319,DMA,Dominican Republic,Region of the Americas,2013,800320,DZA,Algeria,African,2013,NA321,ECU,Ecuador,Region of the Americas,2013,400322,ERI,Eritrea,African,2013,74000323,ETH,Ethiopia,African,2013,3800000324,GAB,Gabon,African,2013,350000325,GEO,Georgia,European,2013,0326,GHA,Ghana,African,2013,8300000327,GIN,Guinea,African,2013,4800000328,GMB,Gambia,African,2013,440000329,GNB,Guinea-Bissau,African,2013,197000330,GNQ,Equatorial Guinea,African,2013,168000331,GTM,Guatemala,Region of the Americas,2013,10400332,GUY,Guyana,Region of the Americas,2013,63000333,HND,Honduras,Region of the Americas,2013,11000334,HTI,Haiti,Region of the Americas,2013,109000335,IDN,Indonesia,South-East Asia,2013,4100000336,IND,India,South-East Asia,2013,17000000337,IRN,Iran (Islamic Republic of),Eastern Mediterranean,2013,570338,KEN,Kenya,African,2013,6500000339,KGZ,Kyrgyzstan,European,2013,0340,KHM,Cambodia,Western Pacific,2013,77000341,KOR,Republic of Korea,Western Pacific,2013,420342,LAO,Lao People's Democratic Republic,Western Pacific,2013,93000343,LBR,Liberia,African,2013,1600000344,LKA,Sri Lanka,South-East Asia,2013,0345,MDG,Madagascar,African,2013,1200000346,MEX,Mexico,Region of the Americas,2013,540347,MLI,Mali,African,2013,7300000348,MMR,Myanmar,South-East Asia,2013,1200000349,MOZ,Mozambique,African,2013,9300000350,MRT,Mauritania,African,2013,72000351,MWI,Malawi,African,2013,3500000352,MYS,Malaysia,Western Pacific,2013,3300353,NAM,Namibia,African,2013,8900354,NER,Niger,African,2013,4900000355,NGA,Nigeria,African,2013,59000000356,NIC,Nicaragua,Region of the Americas,2013,2400357,NPL,Nepal,South-East Asia,2013,14000358,PAK,Pakistan,Eastern Mediterranean,2013,1500000359,PAN,Panama,Region of the Americas,2013,830360,PER,Peru,Region of the Americas,2013,95000361,PHL,Philippines,Western Pacific,2013,16000362,PNG,Papua New Guinea,Western Pacific,2013,1300000363,PRK,Democratic People's Republic of Korea,South-East Asia,2013,16000364,PRY,Paraguay,Region of the Americas,2013,0365,RWA,Rwanda,African,2013,1300000366,SAU,Saudi Arabia,Eastern Mediterranean,2013,NA367,SDN,Sudan,Eastern Mediterranean,2013,1300000368,SEN,Senegal,African,2013,1800000369,SLB,Solomon Islands,Western Pacific,2013,42000370,SLE,Sierra Leone,African,2013,2500000371,SLV,El Salvador,Region of the Americas,2013,NA372,SOM,Somalia,Eastern Mediterranean,2013,690000373,SSD,South Sudan,African,2013,1800000374,STP,Sao Tome and Principe,African,2013,17000375,SUR,Suriname,Region of the Americas,2013,1100376,SWZ,Swaziland,African,2013,620377,TCD,Chad,African,2013,1900000378,TGO,Togo,African,2013,2600000379,THA,Thailand,South-East Asia,2013,127000380,TJK,Tajikistan,European,2013,NA381,TLS,Timor-Leste,South-East Asia,2013,90000382,TUR,Turkey,European,2013,NA383,TZA,United Republic of Tanzania,African,2013,5700000384,UGA,Uganda,African,2013,8100000385,UZB,Uzbekistan,European,2013,0386,VEN,Venezuela (Bolivarian Republic of),Region of the Americas,2013,132000387,VNM,Viet Nam,Western Pacific,2013,23000388,VUT,Vanuatu,Western Pacific,2013,7900389,YEM,Yemen,Eastern Mediterranean,2013,460000390,ZAF,South Africa,African,2013,19000391,ZMB,Zambia,African,2013,3300000392,ZWE,Zimbabwe,African,2013,1000000393,AFG,Afghanistan,Eastern Mediterranean,2015,390000394,AGO,Angola,African,2015,3100000395,ARG,Argentina,Region of the Americas,2015,396,AZE,Azerbaijan,European,2015,397,BDI,Burundi,African,2015,1400000398,BEN,Benin,African,2015,3200000399,BFA,Burkina Faso,African,2015,7000000400,BGD,Bangladesh,South-East Asia,2015,8400401,BLZ,Belize,Region of the Americas,2015,50402,BOL,Bolivia (Plurinational State of),Region of the Americas,2015,9900403,BRA,Brazil,Region of the Americas,2015,180000404,BTN,Bhutan,South-East Asia,2015,50405,BWA,Botswana,African,2015,710406,CAF,Central African Republic,African,2015,1400000407,CHN,China,Western Pacific,2015,50408,CIV,C͉te d'Ivoire,African,2015,7900000409,CMR,Cameroon,African,2015,5300000410,COD,Democratic Republic of the Congo,African,2015,19000000411,COG,Congo,African,2015,800000412,COL,Colombia,Region of the Americas,2015,79000413,COM,Comoros,African,2015,2900414,CPV,Cabo Verde,African,2015,50415,CRI,Costa Rica,Region of the Americas,2015,416,DJI,Djibouti,Eastern Mediterranean,2015,5600417,DMA,Dominican Republic,Region of the Americas,2015,870418,DZA,Algeria,African,2015,0419,ECU,Ecuador,Region of the Americas,2015,680420,ERI,Eritrea,African,2015,65000421,ETH,Ethiopia,African,2015,2800000422,GAB,Gabon,African,2015,400000423,GEO,Georgia,European,2015,424,GHA,Ghana,African,2015,7300000425,GIN,Guinea,African,2015,4600000426,GMB,Gambia,African,2015,420000427,GNB,Guinea-Bissau,African,2015,160000428,GNQ,Equatorial Guinea,African,2015,180000429,GTM,Guatemala,Region of the Americas,2015,11000430,GUY,Guyana,Region of the Americas,2015,20000431,HND,Honduras,Region of the Americas,2015,7200432,HTI,Haiti,Region of the Americas,2015,69000433,IDN,Indonesia,South-East Asia,2015,1300000434,IND,India,South-East Asia,2015,13000000435,IRN,Iran (Islamic Republic of),Eastern Mediterranean,2015,180436,KEN,Kenya,African,2015,6500000437,KGZ,Kyrgyzstan,European,2015,438,KHM,Cambodia,Western Pacific,2015,120000439,KOR,Republic of Korea,Western Pacific,2015,1400440,LAO,Lao People's Democratic Republic,Western Pacific,2015,88000441,LBR,Liberia,African,2015,1100000442,LKA,Sri Lanka,South-East Asia,2015,0443,MDG,Madagascar,African,2015,2400000444,MEX,Mexico,Region of the Americas,2015,560445,MLI,Mali,African,2015,7500000446,MMR,Myanmar,South-East Asia,2015,240000447,MOZ,Mozambique,African,2015,8300000448,MRT,Mauritania,African,2015,260000449,MWI,Malawi,African,2015,3300000450,MYS,Malaysia,Western Pacific,2015,2000451,NAM,Namibia,African,2015,22000452,NER,Niger,African,2015,5200000453,NGA,Nigeria,African,2015,61000000454,NIC,Nicaragua,Region of the Americas,2015,4600455,NPL,Nepal,South-East Asia,2015,24000456,PAK,Pakistan,Eastern Mediterranean,2015,1000000457,PAN,Panama,Region of the Americas,2015,660458,PER,Peru,Region of the Americas,2015,150000459,PHL,Philippines,Western Pacific,2015,13000460,PNG,Papua New Guinea,Western Pacific,2015,900000461,PRK,Democratic People's Republic of Korea,South-East Asia,2015,7700462,PRY,Paraguay,Region of the Americas,2015,463,RWA,Rwanda,African,2015,3500000464,SAU,Saudi Arabia,Eastern Mediterranean,2015,91465,SDN,Sudan,Eastern Mediterranean,2015,1400000466,SEN,Senegal,African,2015,1400000467,SLB,Solomon Islands,Western Pacific,2015,39000468,SLE,Sierra Leone,African,2015,2000000469,SLV,El Salvador,Region of the Americas,2015,10470,SOM,Somalia,Eastern Mediterranean,2015,700000471,SSD,South Sudan,African,2015,1900000472,STP,Sao Tome and Principe,African,2015,3400473,SUR,Suriname,Region of the Americas,2015,50474,SWZ,Swaziland,African,2015,260475,TCD,Chad,African,2015,1900000476,TGO,Togo,African,2015,2500000477,THA,Thailand,South-East Asia,2015,52000478,TJK,Tajikistan,European,2015,1479,TLS,Timor-Leste,South-East Asia,2015,120480,TUR,Turkey,European,2015,481,TZA,United Republic of Tanzania,African,2015,5300000482,UGA,Uganda,African,2015,8500000483,UZB,Uzbekistan,European,2015,484,VEN,Venezuela (Bolivarian Republic of),Region of the Americas,2015,230000485,VNM,Viet Nam,Western Pacific,2015,13000486,VUT,Vanuatu,Western Pacific,2015,820487,YEM,Yemen,Eastern Mediterranean,2015,310000488,ZAF,South Africa,African,2015,12000489,ZMB,Zambia,African,2015,2800000490,ZWE,Zimbabwe,African,2015,960000